{"raw":[{"t":1782403790373,"epoch":191,"v":{"LUNA":0.04734646,"USDC":0.999686,"USDT":0.998523,"WBTC":59190,"PAXG":4019.92,"EURE":1.14,"INJ":4.175881050895976,"ATOM":1.61,"ETH":1558.95,"WETH":1559.0529547713752,"WSTETH":1926.42,"BNB":551.95,"WBNB":552.5155066305002,"OSMO":0.03862514476626583,"STLUNA":0.08582272939820788,"STATOM":3.1119710828965492,"SOLID":0.9992980635202402,"SWTH":0.000433724024508622,"ROAR":1.94374877444e-7,"CAPA":0.001084194101618978,"ASTRO":0.000492502418964419,"xASTRO":0.000449149301536829,"ampLUNA":0.1033571211883897,"arbLUNA":0.14022857707178005,"bLUNA":0.0837974841746324,"ampCAPA":0.00119861749960337,"ampROAR":2.2829745977346117e-7}},{"t":1782404290179,"epoch":191,"v":{"LUNA":0.04734646,"USDC":0.999686,"USDT":0.998523,"WBTC":59190,"PAXG":4019.92,"EURE":1.14,"INJ":4.175881050895976,"ATOM":1.61,"ETH":1558.95,"WETH":1559.0529547713752,"WSTETH":1926.42,"BNB":551.95,"WBNB":552.5155066305002,"OSMO":0.03862514476626583,"STLUNA":0.08582272939820788,"STATOM":3.1119710828965492,"SOLID":0.9992980635202402,"SWTH":0.000433724024508622,"ROAR":1.94374877444e-7,"CAPA":0.001084194101618978,"ASTRO":0.000492502418964419,"xASTRO":0.000449149301536829,"ampLUNA":0.1033571211883897,"arbLUNA":0.14022857707178005,"bLUNA":0.0837974841746324,"ampCAPA":0.00119861749960337,"ampROAR":2.2829745977346117e-7}},{"t":1782405015416,"epoch":191,"v":{"LUNA":0.04734646,"USDC":0.999686,"USDT":0.998523,"WBTC":59190,"PAXG":4019.92,"EURE":1.14,"INJ":4.175881050895976,"ATOM":1.61,"ETH":1558.95,"WETH":1559.0529547713752,"WSTETH":1926.42,"BNB":551.95,"WBNB":552.5155066305002,"OSMO":0.03862514476626583,"STLUNA":0.08582272939820788,"STATOM":3.1119710828965492,"SOLID":0.9992980635202402,"SWTH":0.000433724024508622,"ROAR":1.94374877444e-7,"CAPA":0.001084194101618978,"ASTRO":0.000492502418964419,"xASTRO":0.000449149301536829,"ampLUNA":0.1033571211883897,"arbLUNA":0.14022857707178005,"bLUNA":0.0837974841746324,"ampCAPA":0.00119861749960337,"ampROAR":2.2829745977346117e-7}},{"t":1782405919348,"epoch":191,"v":{"LUNA":0.04775257,"USDC":0.999785,"USDT":0.998659,"WBTC":59353,"PAXG":4029.25,"EURE":1.14,"INJ":4.168566169183413,"ATOM":1.6,"ETH":1563.83,"WETH":1562.1977632869748,"WSTETH":1937.34,"BNB":553.44,"WBNB":553.3176344208305,"OSMO":0.03865674980710295,"STLUNA":0.08619470676581896,"STATOM":3.0679305252947193,"SOLID":1.0002327028015077,"SWTH":0.00043381812713834,"ROAR":1.96051605257e-7,"CAPA":0.001093498396089915,"ASTRO":0.000492078700568731,"xASTRO":0.00047367137404588,"ampLUNA":0.10426831320747021,"arbLUNA":0.14143507009366033,"bLUNA":0.08451624955430724,"ampCAPA":0.001208903748308906,"ampROAR":2.302668125286787e-7}},{"t":1782406827002,"epoch":191,"v":{"LUNA":0.04775257,"USDC":0.999785,"USDT":0.998659,"WBTC":59353,"PAXG":4029.25,"EURE":1.14,"INJ":4.168566169183413,"ATOM":1.6,"ETH":1563.83,"WETH":1562.1977632869748,"WSTETH":1937.34,"BNB":553.44,"WBNB":553.3176344208305,"OSMO":0.03865674980710295,"STLUNA":0.08619470676581896,"STATOM":3.0679305252947193,"SOLID":1.0002327028015077,"SWTH":0.00043381812713834,"ROAR":1.96051605257e-7,"CAPA":0.001093498396089915,"ASTRO":0.000492078700568731,"xASTRO":0.00047367137404588,"ampLUNA":0.10426831320747021,"arbLUNA":0.14143507009366033,"bLUNA":0.08451624955430724,"ampCAPA":0.001208903748308906,"ampROAR":2.302668125286787e-7}},{"t":1782407718131,"epoch":191,"v":{"LUNA":0.04775257,"USDC":0.999785,"USDT":0.998659,"WBTC":59353,"PAXG":4029.25,"EURE":1.14,"INJ":4.168566169183413,"ATOM":1.6,"ETH":1563.83,"WETH":1562.1977632869748,"WSTETH":1937.34,"BNB":553.44,"WBNB":553.3176344208305,"OSMO":0.03865674980710295,"STLUNA":0.08619470676581896,"STATOM":3.0679305252947193,"SOLID":1.0002327028015077,"SWTH":0.00043381812713834,"ROAR":1.96051605257e-7,"CAPA":0.001093498396089915,"ASTRO":0.000492078700568731,"xASTRO":0.00047367137404588,"ampLUNA":0.10426831320747021,"arbLUNA":0.14143507009366033,"bLUNA":0.08451624955430724,"ampCAPA":0.001208903748308906,"ampROAR":2.302668125286787e-7}}],"hourly":[{"t":1782403790373,"v":{"LUNA":0.0474479875,"USDC":0.99971075,"USDT":0.998557,"WBTC":59230.75,"PAXG":4022.2525,"EURE":1.14,"INJ":4.174052330467835,"ATOM":1.6075,"ETH":1560.17,"WETH":1559.8391569002752,"WSTETH":1929.15,"BNB":552.3225,"WBNB":552.7160385780828,"OSMO":0.03863304602647511,"STLUNA":0.08591572374011065,"STATOM":3.1009609434960916,"SOLID":0.9995317233405571,"SWTH":0.00043374755016605145,"ROAR":1.9479405939725e-7,"CAPA":0.0010865201752367122,"ASTRO":0.000492396489365497,"xASTRO":0.00045527981966409176,"ampLUNA":0.10358491919315983,"arbLUNA":0.1405302003272501,"bLUNA":0.08397717551955111,"ampCAPA":0.0012011890617797541,"ampROAR":2.2878979796226556e-7},"n":4}],"daily":[],"monthly":[],"yearly":[],"epochly":[],"epoch_end":{"191":{"t":1782407718131,"v":{"LUNA":0.04775257,"USDC":0.999785,"USDT":0.998659,"WBTC":59353,"PAXG":4029.25,"EURE":1.14,"INJ":4.168566169183413,"ATOM":1.6,"ETH":1563.83,"WETH":1562.1977632869748,"WSTETH":1937.34,"BNB":553.44,"WBNB":553.3176344208305,"OSMO":0.03865674980710295,"STLUNA":0.08619470676581896,"STATOM":3.0679305252947193,"SOLID":1.0002327028015077,"SWTH":0.00043381812713834,"ROAR":1.96051605257e-7,"CAPA":0.001093498396089915,"ASTRO":0.000492078700568731,"xASTRO":0.00047367137404588,"ampLUNA":0.10426831320747021,"arbLUNA":0.14143507009366033,"bLUNA":0.08451624955430724,"ampCAPA":0.001208903748308906,"ampROAR":2.302668125286787e-7}}},"_acc":{"hourly":{"key":"2026-06-25T17","t":1782406827002,"recs":[{"LUNA":0.04775257,"USDC":0.999785,"USDT":0.998659,"WBTC":59353,"PAXG":4029.25,"EURE":1.14,"INJ":4.168566169183413,"ATOM":1.6,"ETH":1563.83,"WETH":1562.1977632869748,"WSTETH":1937.34,"BNB":553.44,"WBNB":553.3176344208305,"OSMO":0.03865674980710295,"STLUNA":0.08619470676581896,"STATOM":3.0679305252947193,"SOLID":1.0002327028015077,"SWTH":0.00043381812713834,"ROAR":1.96051605257e-7,"CAPA":0.001093498396089915,"ASTRO":0.000492078700568731,"xASTRO":0.00047367137404588,"ampLUNA":0.10426831320747021,"arbLUNA":0.14143507009366033,"bLUNA":0.08451624955430724,"ampCAPA":0.001208903748308906,"ampROAR":2.302668125286787e-7},{"LUNA":0.04775257,"USDC":0.999785,"USDT":0.998659,"WBTC":59353,"PAXG":4029.25,"EURE":1.14,"INJ":4.168566169183413,"ATOM":1.6,"ETH":1563.83,"WETH":1562.1977632869748,"WSTETH":1937.34,"BNB":553.44,"WBNB":553.3176344208305,"OSMO":0.03865674980710295,"STLUNA":0.08619470676581896,"STATOM":3.0679305252947193,"SOLID":1.0002327028015077,"SWTH":0.00043381812713834,"ROAR":1.96051605257e-7,"CAPA":0.001093498396089915,"ASTRO":0.000492078700568731,"xASTRO":0.00047367137404588,"ampLUNA":0.10426831320747021,"arbLUNA":0.14143507009366033,"bLUNA":0.08451624955430724,"ampCAPA":0.001208903748308906,"ampROAR":2.302668125286787e-7}]},"epochly":{"key":"E191","t":1782403790373,"recs":[{"LUNA":0.04734646,"USDC":0.999686,"USDT":0.998523,"WBTC":59190,"PAXG":4019.92,"EURE":1.14,"INJ":4.175881050895976,"ATOM":1.61,"ETH":1558.95,"WETH":1559.0529547713752,"WSTETH":1926.42,"BNB":551.95,"WBNB":552.5155066305002,"OSMO":0.03862514476626583,"STLUNA":0.08582272939820788,"STATOM":3.1119710828965492,"SOLID":0.9992980635202402,"SWTH":0.000433724024508622,"ROAR":1.94374877444e-7,"CAPA":0.001084194101618978,"ASTRO":0.000492502418964419,"xASTRO":0.000449149301536829,"ampLUNA":0.1033571211883897,"arbLUNA":0.14022857707178005,"bLUNA":0.0837974841746324,"ampCAPA":0.00119861749960337,"ampROAR":2.2829745977346117e-7},{"LUNA":0.04734646,"USDC":0.999686,"USDT":0.998523,"WBTC":59190,"PAXG":4019.92,"EURE":1.14,"INJ":4.175881050895976,"ATOM":1.61,"ETH":1558.95,"WETH":1559.0529547713752,"WSTETH":1926.42,"BNB":551.95,"WBNB":552.5155066305002,"OSMO":0.03862514476626583,"STLUNA":0.08582272939820788,"STATOM":3.1119710828965492,"SOLID":0.9992980635202402,"SWTH":0.000433724024508622,"ROAR":1.94374877444e-7,"CAPA":0.001084194101618978,"ASTRO":0.000492502418964419,"xASTRO":0.000449149301536829,"ampLUNA":0.1033571211883897,"arbLUNA":0.14022857707178005,"bLUNA":0.0837974841746324,"ampCAPA":0.00119861749960337,"ampROAR":2.2829745977346117e-7},{"LUNA":0.04734646,"USDC":0.999686,"USDT":0.998523,