{"raw":[{"t":1782403790373,"epoch":191,"v":{"LUNA":0.04734646,"USDC":0.999686,"USDT":0.998523,"WBTC":59190,"PAXG":4019.92,"EURE":1.14,"INJ":4.175881050895976,"ATOM":1.61,"ETH":1558.95,"WETH":1559.0529547713752,"WSTETH":1926.42,"BNB":551.95,"WBNB":552.5155066305002,"OSMO":0.03862514476626583,"STLUNA":0.08582272939820788,"STATOM":3.1119710828965492,"SOLID":0.9992980635202402,"SWTH":0.000433724024508622,"ROAR":1.94374877444e-7,"CAPA":0.001084194101618978,"ASTRO":0.000492502418964419,"xASTRO":0.000449149301536829,"ampLUNA":0.1033571211883897,"arbLUNA":0.14022857707178005,"bLUNA":0.0837974841746324,"ampCAPA":0.00119861749960337,"ampROAR":2.2829745977346117e-7}},{"t":1782404290179,"epoch":191,"v":{"LUNA":0.04734646,"USDC":0.999686,"USDT":0.998523,"WBTC":59190,"PAXG":4019.92,"EURE":1.14,"INJ":4.175881050895976,"ATOM":1.61,"ETH":1558.95,"WETH":1559.0529547713752,"WSTETH":1926.42,"BNB":551.95,"WBNB":552.5155066305002,"OSMO":0.03862514476626583,"STLUNA":0.08582272939820788,"STATOM":3.1119710828965492,"SOLID":0.9992980635202402,"SWTH":0.000433724024508622,"ROAR":1.94374877444e-7,"CAPA":0.001084194101618978,"ASTRO":0.000492502418964419,"xASTRO":0.000449149301536829,"ampLUNA":0.1033571211883897,"arbLUNA":0.14022857707178005,"bLUNA":0.0837974841746324,"ampCAPA":0.00119861749960337,"ampROAR":2.2829745977346117e-7}},{"t":1782405015416,"epoch":191,"v":{"LUNA":0.04734646,"USDC":0.999686,"USDT":0.998523,"WBTC":59190,"PAXG":4019.92,"EURE":1.14,"INJ":4.175881050895976,"ATOM":1.61,"ETH":1558.95,"WETH":1559.0529547713752,"WSTETH":1926.42,"BNB":551.95,"WBNB":552.5155066305002,"OSMO":0.03862514476626583,"STLUNA":0.08582272939820788,"STATOM":3.1119710828965492,"SOLID":0.9992980635202402,"SWTH":0.000433724024508622,"ROAR":1.94374877444e-7,"CAPA":0.001084194101618978,"ASTRO":0.000492502418964419,"xASTRO":0.000449149301536829,"ampLUNA":0.1033571211883897,"arbLUNA":0.14022857707178005,"bLUNA":0.0837974841746324,"ampCAPA":0.00119861749960337,"ampROAR":2.2829745977346117e-7}},{"t":1782405919348,"epoch":191,"v":{"LUNA":0.04775257,"USDC":0.999785,"USDT":0.998659,"WBTC":59353,"PAXG":4029.25,"EURE":1.14,"INJ":4.168566169183413,"ATOM":1.6,"ETH":1563.83,"WETH":1562.1977632869748,"WSTETH":1937.34,"BNB":553.44,"WBNB":553.3176344208305,"OSMO":0.03865674980710295,"STLUNA":0.08619470676581896,"STATOM":3.0679305252947193,"SOLID":1.0002327028015077,"SWTH":0.00043381812713834,"ROAR":1.96051605257e-7,"CAPA":0.001093498396089915,"ASTRO":0.000492078700568731,"xASTRO":0.00047367137404588,"ampLUNA":0.10426831320747021,"arbLUNA":0.14143507009366033,"bLUNA":0.08451624955430724,"ampCAPA":0.001208903748308906,"ampROAR":2.302668125286787e-7}},{"t":1782406827002,"epoch":191,"v":{"LUNA":0.04775257,"USDC":0.999785,"USDT":0.998659,"WBTC":59353,"PAXG":4029.25,"EURE":1.14,"INJ":4.168566169183413,"ATOM":1.6,"ETH":1563.83,"WETH":1562.1977632869748,"WSTETH":1937.34,"BNB":553.44,"WBNB":553.3176344208305,"OSMO":0.03865674980710295,"STLUNA":0.08619470676581896,"STATOM":3.0679305252947193,"SOLID":1.0002327028015077,"SWTH":0.00043381812713834,"ROAR":1.96051605257e-7,"CAPA":0.001093498396089915,"ASTRO":0.000492078700568731,"xASTRO":0.00047367137404588,"ampLUNA":0.10426831320747021,"arbLUNA":0.14143507009366033,"bLUNA":0.08451624955430724,"ampCAPA":0.001208903748308906,"ampROAR":2.302668125286787e-7}},{"t":1782407718131,"epoch":191,"v":{"LUNA":0.04775257,"USDC":0.999785,"USDT":0.998659,"WBTC":59353,"PAXG":4029.25,"EURE":1.14,"INJ":4.168566169183413,"ATOM":1.6,"ETH":1563.83,"WETH":1562.1977632869748,"WSTETH":1937.34,"BNB":553.44,"WBNB":553.3176344208305,"OSMO":0.03865674980710295,"STLUNA":0.08619470676581896,"STATOM":3.0679305252947193,"SOLID":1.0002327028015077,"SWTH":0.00043381812713834,"ROAR":1.96051605257e-7,"CAPA":0.001093498396089915,"ASTRO":0.000492078700568731,"xASTRO":0.00047367137404588,"ampLUNA":0.10426831320747021,"arbLUNA":0.14143507009366033,"bLUNA":0.08451624955430724,"ampCAPA":0.001208903748308906,"ampROAR":2.302668125286787e-7}},{"t":1782408611096,"epoch":191,"v":{"LUNA":0.04775257,"USDC":0.999785,"USDT":0.998659,"WBTC":59353,"PAXG":4029.25,"EURE":1.14,"INJ":4.168566169183413,"ATOM":1.6,"ETH":1563.83,"WETH":1562.1977632869748,"WSTETH":1937.34,"BNB":553.44,"WBNB":553.3176344208305,"OSMO":0.03865674980710295,"STLUNA":0.08619470676581896,"STATOM":3.0679305252947193,"SOLID":1.0002327028015077,"SWTH":0.00043381812713834,"ROAR":1.96051605257e-7,"CAPA":0.001093498396089915,"ASTRO":0.000492078700568731,"xASTRO":0.00047367137404588,"ampLUNA":0.10426831320747021,"arbLUNA":0.14143507009366033,"bLUNA":0.08451624955430724,"ampCAPA":0.001208903748308906,"ampROAR":2.302668125286787e-7}},{"t":1782409521491,"epoch":191,"v":{"LUNA":0.04782608,"USDC":0.999897,"USDT":0.998628,"WBTC":59481,"PAXG":4025.39,"EURE":1.14,"INJ":4.142699067774337,"ATOM":1.61,"ETH":1567.87,"WETH":1570.912992694612,"WSTETH":1943.17,"BNB":557.25,"WBNB":558.4766411104234,"OSMO":0.03882128987540615,"STLUNA":0.08673118848762754,"STATOM":3.099282295412561,"SOLID":1.0004984275705373,"SWTH":0.000434217213954042,"ROAR":1.96355109975e-7,"CAPA":0.001095182507661371,"ASTRO":0.000547341001925683,"xASTRO":0.000477413284107674,"ampLUNA":0.10442882318010374,"arbLUNA":0.14165279433347788,"bLUNA":0.08464635332683168,"ampCAPA":0.0012107655972138367,"ampROAR":2.306232853252654e-7}},{"t":1782410415379,"epoch":191,"v":{"LUNA":0.04782608,"USDC":0.999897,"USDT":0.998628,"WBTC":59481,"PAXG":4025.39,"EURE":1.14,"INJ":4.142699067774337,"ATOM":1.61,"ETH":1567.87,"WETH":1570.912992694612,"WSTETH":1943.17,"BNB":557.25,"WBNB":558.4766411104234,"OSMO":0.03882128987540615,"STLUNA":0.08673118848762754,"STATOM":3.099282295412561,"SOLID":1.0004984275705373,"SWTH":0.000434217213954042,"ROAR":1.96355109975e-7,"CAPA":0.001095182507661371,"ASTRO":0.000547341001925683,"xASTRO":0.000477413284107674,"ampLUNA":0.10442882318010374,"arbLUNA":0.14165279433347788,"bLUNA":0.08464635332683168,"ampCAPA":0.0012107655972138367,"ampROAR":2.306232853252654e-7}}],"hourly":[{"t":1782403790373,"v":{"LUNA":0.0474479875,"USDC":0.99971075,"USDT":0.998557,"WBTC":59230.75,"PAXG":4022.2525,"EURE":1.14,"INJ":4.174052330467835,"ATOM":1.6075,"ETH":1560.17,"WETH":1559.8391569002752,"WSTETH":1929.15,"BNB":552.3225,"WBNB":552.7160385780828,"OSMO":0.03863304602647511,"STLUNA":0.08591572374011065,"STATOM":3.1009609434960916,"SOLID":0.9995317233405571,"SWTH":0.00043374755016605145,"ROAR":1.9479405939725e-7,"CAPA":0.0010865201752367122,"ASTRO":0.000492396489365497,"xASTRO":0.00045527981966409176,"ampLUNA":0.10358491919315983,"arbLUNA":0.1405302003272501,"bLUNA":0.08397717551955111,"ampCAPA":0.0012011890617797541,"ampROAR":2.2878979796226556e-7},"n":4},{"t":1782406827002,"v":{"LUNA":0.0477709475,"USDC":0.9998130000000001,"USDT":0.99865125,"WBTC":59385,"PAXG":4028.285,"EURE":1.14,"INJ":4.162099393831144,"ATOM":1.6025000000000003,"ETH":1564.84,"WETH":1564.376570638884,"WSTETH":1938.7975,"BNB":554.3925,"WBNB":554.6073860932287,"OSMO":0.03869788482417875,"STLUNA":0.08632882719627111,"STATOM":3.0757684678241795,"SOLID":1.000299133993765,"SWTH":0.00043391789884226546,"ROAR":1.961274814365e-7,"CAPA":0.001093919423982779,"ASTRO":0.000505894275907969,"xASTRO":0.00047460685156132853,"ampLUNA":0.10430844070062859,"arbLUNA":0.14148950115361472,"bLUNA":0.08454877549743835,"ampCAPA":0.0012093692105351387,"ampROAR":2.3035593072782535e-7},"n":4}],"daily":[],"monthly":[],"yearly":[],"epochly":[],"epoch_end":{"191":{"t":1782410415379,"v":{"LUNA":0.04782608,"USDC":0.999897,"USDT":0.998628,"WBTC":59481,"PAXG":4025.39,"EURE":1.14,"INJ":4.142699067774337,"ATOM":1.61,"ETH":1567.87,"WETH":1570.912992694612,"WSTETH":1943.17,"BNB":557.25,"WBNB":558.4766411104234,"OSMO":0.03882128987540615,"STLUNA":0.08673118848762754,"STATOM":3.099282295412561,"SOLID":1.0004984275705373,"SWTH":0.000434217213954042,"ROAR":1.96355109975e-7,"CAPA":0.001095182507661371,"ASTRO":0.000547341001925683,"xASTRO":0.000477413284107674,"ampLUNA":0.10442882318010374,"arbLUNA":0.14165279433347788,"bLUNA":0.08464635332683168,"ampCAPA":0.0012107655972138367,